{
  "addons": {
        "{henri.wiek@hansemerkur.de}": {
          "updates": [
            {
              "version": "1.0",
              "update_link": "https://gitpro.hanse-merkur.de/WIEKH/bookmarks/-/blob/main/extension/xpi-Datein/bf9673a71494498cbea3-1.0.xpi"
            },
            {
              "version": "1.1",
              "update_link": "https://gitpro.hanse-merkur.de/WIEKH/bookmarks/-/blob/main/extension/xpi-Datein/bf9673a71494498cbea3-1.1.xpi"
            }
          ]
        }
  }
}